{ "results": [
	{
        "content": "bad",
        "createdAt": "2016-02-01T06:53:36.400Z",
        "objectId": "JkmFZ65bPq",
        "source": {
            "__type": "Pointer",
            "className": "post",
            "objectId": "iaozZi0VY6"
        },
        "updatedAt": "2016-02-01T06:58:47.711Z"
    },
	{
        "content": "sdfsdf",
        "createdAt": "2016-02-01T09:09:04.545Z",
        "objectId": "miHpXYBo25",
        "source": {
            "__type": "Pointer",
            "className": "post",
            "objectId": "sdfsdfsd"
        },
        "updatedAt": "2016-02-01T09:09:07.482Z"
    },
	{
        "content": "good",
        "createdAt": "2016-02-01T06:53:23.025Z",
        "objectId": "xlyAg3QQCI",
        "updatedAt": "2016-02-01T06:53:23.025Z"
    }
] }