{ "results": [
	{
        "avatar": {
            "__type": "File",
            "name": "tfss-28e56a01-1cad-49b7-9000-2bfd820a5f2d-L.jpg",
            "url": "http://files.parsetfss.com/e41158a4-03cd-476e-b998-9adc784bfabd/tfss-28e56a01-1cad-49b7-9000-2bfd820a5f2d-L.jpg"
        },
        "bcryptPassword": "$2a$10$/bwp5z1Nc7mBEKJPCIdFMentrRma2gyP9DLe2PPAt5zrkqM4ZYmAy",
        "createdAt": "2016-02-07T20:00:24.923Z",
        "days_active": 19,
        "objectId": "5r8XZYqwZ7",
        "sessionToken": "xvoewwMGNPFzhCNSnCJ5FWXo1",
        "updatedAt": "2016-02-08T14:31:09.270Z",
        "username": "User"
    },
	{
        "bcryptPassword": "$2a$10$kdLig6oyFUWMjveoP7J13OXY/i688ZrNRQMOpmM2uITLox28KKHrO",
        "createdAt": "2016-02-07T20:00:24.928Z",
        "days_active": 19,
        "objectId": "iFbkCjpz7l",
        "sessionToken": "kQWynBmvNTrjvDHL94pI3VEwa",
        "updatedAt": "2016-02-08T14:00:39.830Z",
        "username": "Moderator"
    },
	{
        "bcryptPassword": "$2a$10$Vmld7uiemEQbanX1sm7luOKLinUWFrqtxJMMNk1GxLJCd4LY0an7.",
        "createdAt": "2016-02-07T20:00:24.926Z",
        "days_active": 19,
        "objectId": "kl1WjGZ7m3",
        "sessionToken": "8jFRxLwDJKu1t4Ij6UTb52NeZ",
        "updatedAt": "2016-02-08T14:00:39.841Z",
        "username": "Admin"
    }
] }