{ "results": [
	{
        "createdAt": "2016-02-07T20:00:26.353Z",
        "name": "Hot!!!",
        "objectId": "bF5n14SidA",
        "topics": [
            {
                "__type": "Pointer",
                "className": "Topic",
                "objectId": "4aL3335wKF"
            },
            {
                "__type": "Pointer",
                "className": "Topic",
                "objectId": "NaPEZM3BMe"
            }
        ],
        "updatedAt": "2016-02-07T20:00:27.602Z"
    }
] }